Rank,Pos,adp,Player,Team,Bye,std_name_adp,PosBase_adp,matched_name,matched_player_id,match_score,player_id,name,position,recent_team,projected_points,games_played_frac,bye_week,sleeper_id,sleeper_status,sleeper_injury_status,sleeper_depth_chart_position,std_name_roster,PosBase_roster
1,RB,1.0,Jahmyr Gibbs,DET,6,jahmyr gibbs,RB,jahmyr gibbs,9221,100,9221,Jahmyr Gibbs,RB,DET,19.55,1.0,,9221,Active,,RB,jahmyr gibbs,RB
2,RB,2.0,Bijan Robinson,ATL,11,bijan robinson,RB,bijan robinson,9509,100,9509,Bijan Robinson,RB,ATL,21.5,1.0,,9509,Active,,RB,bijan robinson,RB
3,WR,3.0,Ja'Marr Chase,CIN,6,ja'marr chase,WR,ja'marr chase,7564,100,7564,Ja'Marr Chase,WR,CIN,20.4,1.0,,7564,Active,,LWR,ja'marr chase,WR
4,WR,4.0,Puka Nacua,LAR,11,puka nacua,WR,puka nacua,9493,100,9493,Puka Nacua,WR,LAR,17.8,0.6842105263157895,,9493,Active,,RWR,puka nacua,WR
5,WR,5.0,Jaxon Smith-Njigba,SEA,11,jaxon smith-njigba,WR,jaxon smith-njigba,9488,100,9488,Jaxon Smith-Njigba,WR,SEA,13.1,1.0,,9488,Active,,LWR,jaxon smith-njigba,WR
6,RB,6.0,Christian McCaffrey,SF,8,christian mccaffrey,RB,christian mccaffrey,4034,100,4034,Christian McCaffrey,RB,SF,11.650000000000002,0.23529411764705882,,4034,Active,,RB,christian mccaffrey,RB
7,WR,7.0,Amon-Ra St. Brown,DET,6,amon-ra st. brown,WR,amon-ra st. brown,7547,100,7547,Amon-Ra St. Brown,WR,DET,18.8,1.0,,7547,Active,,SWR,amon-ra st. brown,WR
8,RB,9.0,Jonathan Taylor,IND,13,jonathan taylor,RB,jonathan taylor,6813,100,6813,Jonathan Taylor,RB,IND,16.4,0.8235294117647058,,6813,Active,,RB,jonathan taylor,RB
9,RB,9.0,Ashton Jeanty,LV,13,ashton jeanty,RB,ashton jeanty,12527,100,12527,Ashton Jeanty,RB,LV,16.5607421875,R,,12527,Active,,RB,ashton jeanty,RB
10,WR,10.0,Justin Jefferson,MIN,6,justin jefferson,WR,justin jefferson,6794,100,6794,Justin Jefferson,WR,MIN,18.35,1.0,,6794,Active,,LWR,justin jefferson,WR
11,WR,10.5,CeeDee Lamb,DAL,14,ceedee lamb,WR,ceedee lamb,6786,100,6786,CeeDee Lamb,WR,DAL,16.8,0.8823529411764706,,6786,Active,,RWR,ceedee lamb,WR
12,RB,11.5,James Cook III,BUF,7,james cook,RB,james cook,8138,100,8138,James Cook,RB,BUF,17.900000000000002,0.95,,8138,Active,,RB,james cook,RB
13,RB,14.0,Omarion Hampton,LAC,7,omarion hampton,RB,omarion hampton,12507,100,12507,Omarion Hampton,RB,LAC,15.593359375000002,R,,12507,Active,,RB,omarion hampton,RB
14,RB,15.0,Saquon Barkley,PHI,10,saquon barkley,RB,saquon barkley,4866,100,4866,Saquon Barkley,RB,PHI,19.3,0.9523809523809523,,4866,Active,,RB,saquon barkley,RB
15,RB,15.5,Chase Brown,CIN,6,chase brown,RB,chase brown,9224,100,9224,Chase Brown,RB,CIN,15.400000000000002,0.9411764705882353,,9224,Active,,RB,chase brown,RB
16,RB,16.0,Kenneth Walker III,KC,5,kenneth walker,RB,kenneth walker,8151,100,8151,Kenneth Walker,RB,KC,13.9,0.6470588235294118,,8151,Active,,RB,kenneth walker,RB
17,RB,16.5,De'Von Achane,MIA,6,de'von achane,RB,de'von achane,9226,100,9226,De'Von Achane,RB,MIA,18.9,1.0,,9226,Active,Questionable,RB,de'von achane,RB
18,WR,16.5,Drake London,ATL,11,drake london,WR,drake london,8112,100,8112,Drake London,WR,ATL,17.299999999999997,1.0,,8112,Active,Questionable,LWR,drake london,WR
19,WR,19.0,A.J. Brown,NE,11,a.j. brown,WR,a.j. brown,5859,100,5859,A.J. Brown,WR,NE,13.4,0.8095238095238095,,5859,Active,,LWR,a.j. brown,WR
20,TE,19.5,Brock Bowers,LV,13,brock bowers,TE,brock bowers,11604,100,11604,Brock Bowers,TE,LV,15.0,1.0,,11604,Active,,TE,brock bowers,TE
21,RB,21.0,Derrick Henry,BAL,13,derrick henry,RB,derrick henry,3198,100,3198,Derrick Henry,RB,BAL,16.6,1.0,,3198,Active,,RB,derrick henry,RB
22,WR,22.5,Nico Collins,HOU,8,nico collins,WR,nico collins,7569,100,7569,Nico Collins,WR,HOU,16.75,0.7368421052631579,,7569,Active,,LWR,nico collins,WR
23,TE,23.5,Trey McBride,ARI,14,trey mcbride,TE,trey mcbride,8130,100,8130,Trey McBride,TE,ARI,13.35,0.9411764705882353,,8130,Active,,TE,trey mcbride,TE
24,WR,24.0,George Pickens,DAL,14,george pickens,WR,george pickens,8137,100,8137,George Pickens,WR,DAL,11.4,0.8333333333333334,,8137,Active,,LWR,george pickens,WR
25,WR,25.5,Rashee Rice,KC,5,rashee rice,WR,rashee rice,10229,100,10229,Rashee Rice,WR,KC,18.5,0.15,,10229,Active,Questionable,SWR,rashee rice,WR
26,RB,26.0,Jeremiyah Love,ARI,14,jeremiyah love,RB,jeremiyah love,13287,100,13287,Jeremiyah Love,RB,ARI,9.775,R,,13287,Active,,RB,jeremiyah love,RB
28,WR,27.5,Chris Olave,NO,8,chris olave,WR,chris olave,8144,100,8144,Chris Olave,WR,NO,7.95,0.47058823529411764,,8144,Active,,LWR,chris olave,WR
27,WR,27.5,DeVonta Smith,PHI,10,devonta smith,WR,devonta smith,7525,100,7525,DeVonta Smith,WR,PHI,14.9,0.8095238095238095,,7525,Active,,RWR,devonta smith,WR
29,QB,29.0,Josh Allen,BUF,7,josh allen,QB,josh allen,4984,100,4984,Josh Allen,QB,BUF,26.020000000000003,0.95,,4984,Active,,QB,josh allen,QB
30,RB,30.0,Breece Hall,NYJ,13,breece hall,RB,breece hall,8155,100,8155,Breece Hall,RB,NYJ,13.55,0.9411764705882353,,8155,Active,,RB,breece hall,RB
31,WR,31.0,Zay Flowers,BAL,13,zay flowers,WR,zay flowers,9997,100,9997,Zay Flowers,WR,BAL,11.2,0.8947368421052632,,9997,Active,,SWR,zay flowers,WR
32,RB,31.5,Kyren Williams,LAR,11,kyren williams,RB,kyren williams,8150,100,8150,Kyren Williams,RB,LAR,15.700000000000001,0.9473684210526315,,8150,Active,,RB,kyren williams,RB
33,WR,34.5,Emeka Egbuka,TB,10,emeka egbuka,WR,emeka egbuka,12514,100,12514,Emeka Egbuka,WR,TB,13.563183593749999,R,,12514,Active,,LWR,emeka egbuka,WR
34,RB,35.0,Javonte Williams,DAL,14,javonte williams,RB,javonte williams,7588,100,7588,Javonte Williams,RB,DAL,8.3,1.0,,7588,Active,,RB,javonte williams,RB
35,WR,36.5,Ladd McConkey,LAC,7,ladd mcconkey,WR,ladd mcconkey,11635,100,11635,Ladd McConkey,WR,LAC,14.9,0.9444444444444444,,11635,Active,Questionable,SWR,ladd mcconkey,WR
36,WR,37.0,Garrett Wilson,NYJ,13,garrett wilson,WR,garrett wilson,8146,100,8146,Garrett Wilson,WR,NYJ,13.100000000000001,1.0,,8146,Active,,RWR,garrett wilson,WR
37,RB,37.0,Travis Etienne Jr.,NO,8,travis etienne,RB,travis etienne,7543,100,7543,Travis Etienne,RB,NO,8.8,0.8823529411764706,,7543,Active,,RB,travis etienne,RB
38,WR,37.0,Tee Higgins,CIN,6,tee higgins,WR,tee higgins,6801,100,6801,Tee Higgins,WR,CIN,18.05,0.7058823529411765,,6801,Active,,RWR,tee higgins,WR
39,WR,38.0,Malik Nabers,NYG,8,malik nabers,WR,malik nabers,11632,100,11632,Malik Nabers,WR,NYG,14.9,0.8823529411764706,,11632,Active,Questionable,LWR,malik nabers,WR
40,WR,39.0,Tetairoa McMillan,CAR,5,tetairoa mcmillan,WR,tetairoa mcmillan,12526,100,12526,Tetairoa McMillan,WR,CAR,15.31796875,R,,12526,Active,Questionable,LWR,tetairoa mcmillan,WR
41,TE,41.0,Colston Loveland,CHI,10,colston loveland,TE,colston loveland,12517,100,12517,Colston Loveland,TE,CHI,10.879999999999995,R,,12517,Active,,TE,colston loveland,TE
42,RB,41.5,Josh Jacobs,GB,11,josh jacobs,RB,josh jacobs,5850,100,5850,Josh Jacobs,RB,GB,18.300000000000004,1.0,,5850,Active,,RB,josh jacobs,RB
43,WR,42.5,Luther Burden III,CHI,10,luther burden,WR,luther burden,12519,100,12519,Luther Burden,WR,CHI,11.418017578125001,R,,12519,Active,,RWR,luther burden,WR
44,WR,43.0,Terry McLaurin,WAS,7,terry mclaurin,WR,terry mclaurin,5927,100,5927,Terry McLaurin,WR,WAS,17.25,1.0,,5927,Active,,LWR,terry mclaurin,WR
46,RB,45.0,Cam Skattebo,NYG,8,cam skattebo,RB,cam skattebo,12481,100,12481,Cam Skattebo,RB,NYG,6.76826171875,R,,12481,Active,Questionable,RB,cam skattebo,RB
45,WR,45.0,Jaylen Waddle,DEN,10,jaylen waddle,WR,jaylen waddle,7526,100,7526,Jaylen Waddle,WR,DEN,8.5,0.8823529411764706,,7526,Active,,RWR,jaylen waddle,WR
47,WR,49.5,Davante Adams,LAR,11,davante adams,WR,davante adams,2133,100,2133,Davante Adams,WR,LAR,15.4,0.4117647058823529,,2133,Active,,LWR,davante adams,WR
48,RB,50.5,David Montgomery,HOU,8,david montgomery,RB,david montgomery,5892,100,5892,David Montgomery,RB,HOU,16.3,0.8333333333333334,,5892,Active,,RB,david montgomery,RB
49,RB,51.5,D'Andre Swift,CHI,10,d'andre swift,RB,d'andre swift,6790,100,6790,D'Andre Swift,RB,CHI,9.9,1.0,,6790,Active,,RB,d'andre swift,RB
50,WR,51.5,Jameson Williams,DET,6,jameson williams,WR,jameson williams,8148,100,8148,Jameson Williams,WR,DET,12.85,0.8888888888888888,,8148,Active,,RWR,jameson williams,WR
51,QB,52.5,Lamar Jackson,BAL,13,lamar jackson,QB,lamar jackson,4881,100,4881,Lamar Jackson,QB,BAL,27.980000000000004,1.0,,4881,Active,,QB,lamar jackson,QB
52,WR,52.5,Mike Evans,SF,8,mike evans,WR,mike evans,2216,100,2216,Mike Evans,WR,SF,17.9,0.8333333333333334,,2216,Active,,LWR,mike evans,WR
54,WR,53.0,Christian Watson,GB,11,christian watson,WR,christian watson,8167,100,8167,Christian Watson,WR,GB,8.65,0.7777777777777778,,8167,Active,,LWR,christian watson,WR
53,RB,53.0,TreVeyon Henderson,NE,11,treveyon henderson,RB,treveyon henderson,12529,100,12529,TreVeyon Henderson,RB,NE,12.305078125000001,R,,12529,Active,,RB,treveyon henderson,RB
55,RB,53.5,Quinshon Judkins,CLE,11,quinshon judkins,RB,quinshon judkins,12512,100,12512,Quinshon Judkins,RB,CLE,12.521875000000001,R,,12512,Active,Questionable,RB,quinshon judkins,RB
56,WR,54.0,DJ Moore,BUF,7,dj moore,WR,dj moore,4983,100,4983,DJ Moore,WR,BUF,12.2,1.0,,4983,Active,,LWR,dj moore,WR
57,RB,56.5,Bhayshul Tuten,JAX,7,bhayshul tuten,RB,bhayshul tuten,12490,100,12490,Bhayshul Tuten,RB,JAX,6.977734375000001,R,,12490,Active,,RB,bhayshul tuten,RB
58,RB,58.0,Bucky Irving,TB,10,bucky irving,RB,bucky irving,11584,100,11584,Bucky Irving,RB,TB,15.849999999999998,1.0,,11584,Active,Questionable,RB,bucky irving,RB
59,WR,58.5,Rome Odunze,CHI,10,rome odunze,WR,rome odunze,11620,100,11620,Rome Odunze,WR,CHI,6.0,1.0,,11620,Active,,LWR,rome odunze,WR
60,QB,59.5,Joe Burrow,CIN,6,joe burrow,QB,joe burrow,6770,100,6770,Joe Burrow,QB,CIN,26.259999999999998,1.0,,6770,Active,,QB,joe burrow,QB
61,QB,61.0,Drake Maye,NE,11,drake maye,QB,drake maye,11564,100,11564,Drake Maye,QB,NE,18.740000000000002,0.7647058823529411,,11564,Active,,QB,drake maye,QB
62,WR,61.5,Carnell Tate,TEN,9,carnell tate,WR,carnell tate,13279,100,13279,Carnell Tate,WR,TEN,8.4625,R,,13279,Active,,LWR,carnell tate,WR
63,WR,63.0,Brian Thomas Jr.,JAX,7,brian thomas,WR,brian thomas,11631,100,11631,Brian Thomas,WR,JAX,16.6,1.0,,11631,Active,,LWR,brian thomas,WR
64,TE,63.5,Tyler Warren,IND,13,tyler warren,TE,tyler warren,12518,100,12518,Tyler Warren,TE,IND,10.465510204081632,R,,12518,Active,,TE,tyler warren,TE
65,QB,65.0,Jayden Daniels,WAS,7,jayden daniels,QB,jayden daniels,11566,100,11566,Jayden Daniels,QB,WAS,27.64,1.0,,11566,Active,,QB,jayden daniels,QB
66,WR,66.0,Parker Washington,JAX,7,parker washington,WR,parker washington,9487,100,9487,Parker Washington,WR,JAX,7.1000000000000005,0.7647058823529411,,9487,Active,,SWR,parker washington,WR
67,WR,66.5,Marvin Harrison Jr.,ARI,14,marvin harrison,WR,marvin harrison,11628,100,11628,Marvin Harrison,WR,ARI,8.9,1.0,,11628,Active,,LWR,marvin harrison,WR
68,RB,66.5,Jadarian Price,SEA,11,jadarian price,RB,jadarian price,13286,100,13286,Jadarian Price,RB,SEA,9.775,R,,13286,Active,,RB,jadarian price,RB
69,RB,69.0,Jaylen Warren,PIT,9,jaylen warren,RB,jaylen warren,8228,100,8228,Jaylen Warren,RB,PIT,8.0,0.8888888888888888,,8228,Active,,RB,jaylen warren,RB
70,WR,70.5,Jordyn Tyson,NO,8,jordyn tyson,WR,jordyn tyson,13281,100,13281,Jordyn Tyson,WR,NO,8.4625,R,,13281,Active,Questionable,RWR,jordyn tyson,WR
71,QB,72.0,Caleb Williams,CHI,10,caleb williams,QB,caleb williams,11560,100,11560,Caleb Williams,QB,CHI,16.48,1.0,,11560,Active,,QB,caleb williams,QB
72,WR,72.5,DK Metcalf,PIT,9,dk metcalf,WR,dk metcalf,5846,100,5846,DK Metcalf,WR,PIT,10.600000000000001,0.8823529411764706,,5846,Active,,LWR,dk metcalf,WR
73,RB,75.5,Tony Pollard,TEN,9,tony pollard,RB,tony pollard,5967,100,5967,Tony Pollard,RB,TEN,12.350000000000001,0.9411764705882353,,5967,Active,,RB,tony pollard,RB
74,QB,75.5,Jalen Hurts,PHI,10,jalen hurts,QB,jalen hurts,6904,100,6904,Jalen Hurts,QB,PHI,25.82,0.9047619047619048,,6904,Active,,QB,jalen hurts,QB
75,QB,76.5,Justin Herbert,LAC,7,justin herbert,QB,justin herbert,6797,100,6797,Justin Herbert,QB,LAC,19.259999999999998,1.0,,6797,Active,,QB,justin herbert,QB
76,RB,76.5,Chuba Hubbard,CAR,5,chuba hubbard,RB,chuba hubbard,7594,100,7594,Chuba Hubbard,RB,CAR,15.3,0.8823529411764706,,7594,Active,,RB,chuba hubbard,RB
77,WR,77.0,Courtland Sutton,DEN,10,courtland sutton,WR,courtland sutton,5045,100,5045,Courtland Sutton,WR,DEN,15.0,0.9444444444444444,,5045,Active,,LWR,courtland sutton,WR
78,RB,78.5,Rhamondre Stevenson,NE,11,rhamondre stevenson,RB,rhamondre stevenson,7611,100,7611,Rhamondre Stevenson,RB,NE,11.3,0.8823529411764706,,7611,Active,,RB,rhamondre stevenson,RB
79,WR,79.0,Quentin Johnston,LAC,7,quentin johnston,WR,quentin johnston,9754,100,9754,Quentin Johnston,WR,LAC,10.100000000000001,0.8888888888888888,,9754,Active,,LWR,quentin johnston,WR
81,QB,80.5,Dak Prescott,DAL,14,dak prescott,QB,dak prescott,3294,100,3294,Dak Prescott,QB,DAL,17.47,0.47058823529411764,,3294,Active,Questionable,QB,dak prescott,QB
80,QB,80.5,Trevor Lawrence,JAX,7,trevor lawrence,QB,trevor lawrence,7523,100,7523,Trevor Lawrence,QB,JAX,18.43,0.5882352941176471,,7523,Active,,QB,trevor lawrence,QB
82,TE,81.0,Tucker Kraft,GB,11,tucker kraft,TE,tucker kraft,9484,100,9484,Tucker Kraft,TE,GB,8.1,1.0,,9484,Active,Questionable,TE,tucker kraft,TE
83,WR,81.5,Alec Pierce,IND,13,alec pierce,WR,alec pierce,8142,100,8142,Alec Pierce,WR,IND,8.35,0.9411764705882353,,8142,Active,Questionable,LWR,alec pierce,WR
84,RB,84.5,RJ Harvey,DEN,10,rj harvey,RB,rj harvey,12489,100,12489,RJ Harvey,RB,DEN,10.8,R,,12489,Active,,RB,rj harvey,RB
85,RB,87.5,Kenny Gainwell,TB,10,kenny gainwell,RB,kenny gainwell,7567,100,7567,Kenny Gainwell,RB,TB,2.6500000000000004,0.9523809523809523,,7567,Active,,RB,kenny gainwell,RB
86,WR,88.0,Chris Godwin Jr.,TB,10,chris godwin,WR,chris godwin,4037,100,4037,Chris Godwin,WR,TB,17.3,0.3888888888888889,,4037,Active,,SWR,chris godwin,WR
87,WR,89.5,Makai Lemon,PHI,10,makai lemon,WR,makai lemon,13294,100,13294,Makai Lemon,WR,PHI,8.4625,R,,13294,Active,Questionable,SWR,makai lemon,WR
88,RB,90.0,Rico Dowdle,PIT,9,rico dowdle,RB,rico dowdle,7021,100,7021,Rico Dowdle,RB,PIT,10.2,0.9411764705882353,,7021,Active,,RB,rico dowdle,RB
89,WR,90.5,Michael Pittman Jr.,PIT,9,michael pittman,WR,michael pittman,6819,100,6819,Michael Pittman,WR,PIT,9.25,0.9411764705882353,,6819,Active,,RWR,michael pittman,WR
90,TE,91.5,Kyle Pitts Sr.,ATL,11,kyle pitts,TE,kyle pitts,7553,100,7553,Kyle Pitts,TE,ATL,6.800000000000001,1.0,,7553,Active,,TE,kyle pitts,TE
91,WR,94.0,Michael Wilson,ARI,14,michael wilson,WR,michael wilson,10232,100,10232,Michael Wilson,WR,ARI,7.15,0.9411764705882353,,10232,Active,,SWR,michael wilson,WR
93,TE,94.5,Sam LaPorta,DET,6,sam laporta,TE,sam laporta,10859,100,10859,Sam LaPorta,TE,DET,12.2,0.9444444444444444,,10859,Active,Questionable,TE,sam laporta,TE
92,WR,94.5,Jayden Reed,GB,11,jayden reed,WR,jayden reed,10222,100,10222,Jayden Reed,WR,GB,10.350000000000001,1.0,,10222,Active,,SWR,jayden reed,WR
95,QB,95.5,Brock Purdy,SF,8,brock purdy,QB,brock purdy,8183,100,8183,Brock Purdy,QB,SF,21.36,0.8823529411764706,,8183,Active,,QB,brock purdy,QB
94,TE,95.5,Harold Fannin Jr.,CLE,11,harold fannin,TE,harold fannin,12506,100,12506,Harold Fannin,TE,CLE,6.725510204081632,R,,12506,Active,Questionable,TE,harold fannin,TE
96,WR,96.0,Josh Downs,IND,13,josh downs,WR,josh downs,9500,100,9500,Josh Downs,WR,IND,14.65,0.8235294117647058,,9500,Active,,SWR,josh downs,WR
97,RB,97.0,Kyle Monangai,CHI,10,kyle monangai,RB,kyle monangai,12534,100,12534,Kyle Monangai,RB,CHI,2.0283203125,R,,12534,Active,,RB,kyle monangai,RB
98,QB,97.0,Patrick Mahomes II,KC,5,patrick mahomes,QB,patrick mahomes,4046,100,4046,Patrick Mahomes,QB,KC,21.84,0.95,,4046,Active,Questionable,QB,patrick mahomes,QB
99,QB,97.5,Jaxson Dart,NYG,8,jaxson dart,QB,jaxson dart,12508,100,12508,Jaxson Dart,QB,NYG,22.163012048192773,R,,12508,Active,,QB,jaxson dart,QB
100,QB,98.0,Matthew Stafford,LAR,11,matthew stafford,QB,matthew stafford,421,100,421,Matthew Stafford,QB,LAR,17.759999999999998,0.9473684210526315,,421,Active,,QB,matthew stafford,QB
101,RB,100.0,Blake Corum,LAR,11,blake corum,RB,blake corum,11586,100,11586,Blake Corum,RB,LAR,2.8,0.7368421052631579,,11586,Active,,RB,blake corum,RB
102,RB,100.5,Jonathon Brooks,CAR,5,jonathon brooks,RB,jonathon brooks,11583,100,11583,Jonathon Brooks,RB,CAR,0.7000000000000001,0.17647058823529413,,11583,Active,,RB,jonathon brooks,RB
103,WR,100.5,Ricky Pearsall,SF,8,ricky pearsall,WR,ricky pearsall,11638,100,11638,Ricky Pearsall,WR,SF,6.4,0.5882352941176471,,11638,Active,,RWR,ricky pearsall,WR
104,WR,102.5,Jakobi Meyers,JAX,7,jakobi meyers,WR,jakobi meyers,5947,100,5947,Jakobi Meyers,WR,JAX,13.7,0.8823529411764706,,5947,Active,,RWR,jakobi meyers,WR
105,WR,103.0,Jordan Addison,MIN,6,jordan addison,WR,jordan addison,9756,100,9756,Jordan Addison,WR,MIN,11.450000000000001,0.8888888888888888,,9756,Active,,RWR,jordan addison,WR
106,WR,104.5,Xavier Worthy,KC,5,xavier worthy,WR,xavier worthy,11624,100,11624,Xavier Worthy,WR,KC,11.8,0.95,,11624,Active,Questionable,RWR,xavier worthy,WR
108,QB,105.0,Jared Goff,DET,6,jared goff,QB,jared goff,3163,100,3163,Jared Goff,QB,DET,23.72,1.0,,3163,Active,,QB,jared goff,QB
107,RB,105.0,Rachaad White,WAS,7,rachaad white,RB,rachaad white,8136,100,8136,Rachaad White,RB,WAS,11.05,0.8888888888888888,,8136,Active,,RB,rachaad white,RB
109,RB,105.5,J.K. Dobbins,DEN,10,j.k. dobbins,RB,j.k. dobbins,6806,100,6806,J.K. Dobbins,RB,DEN,12.9,0.7777777777777778,,6806,Active,,RB,j.k. dobbins,RB
110,WR,106.5,Wan'Dale Robinson,TEN,9,wan'dale robinson,WR,wan'dale robinson,8126,100,8126,Wan'Dale Robinson,WR,TEN,10.0,1.0,,8126,Active,,SWR,wan'dale robinson,WR
111,QB,108.5,Bo Nix,DEN,10,bo nix,QB,bo nix,11563,100,11563,Bo Nix,QB,DEN,21.41,1.0,,11563,Active,Questionable,QB,bo nix,QB
112,QB,114.5,Baker Mayfield,TB,10,baker mayfield,QB,baker mayfield,4892,100,4892,Baker Mayfield,QB,TB,26.150000000000002,1.0,,4892,Active,,QB,baker mayfield,QB
113,TE,114.5,George Kittle,SF,8,george kittle,TE,george kittle,4217,100,4217,George Kittle,TE,SF,18.6,0.8823529411764706,,4217,Active,Questionable,TE,george kittle,TE
114,QB,116.0,Kyler Murray,MIN,6,kyler murray,QB,kyler murray,5849,100,5849,Kyler Murray,QB,MIN,20.04,1.0,,5849,Active,,QB,kyler murray,QB
117,TE,117.0,Travis Kelce,KC,5,travis kelce,TE,travis kelce,1466,100,1466,Travis Kelce,TE,KC,9.5,0.95,,1466,Active,,TE,travis kelce,TE
115,QB,117.0,Jordan Love,GB,11,jordan love,QB,jordan love,6804,100,6804,Jordan Love,QB,GB,20.56,0.8888888888888888,,6804,Active,,QB,jordan love,QB
116,TE,117.0,Dalton Kincaid,BUF,7,dalton kincaid,TE,dalton kincaid,10236,100,10236,Dalton Kincaid,TE,BUF,7.25,0.8,,10236,Active,,TE,dalton kincaid,TE
118,QB,118.0,Tyler Shough,NO,8,tyler shough,QB,tyler shough,12545,100,12545,Tyler Shough,QB,NO,21.112433734939763,R,,12545,Active,,QB,tyler shough,QB
119,WR,118.5,Matthew Golden,GB,11,matthew golden,WR,matthew golden,12501,100,12501,Matthew Golden,WR,GB,13.095361328125,R,,12501,Active,,RWR,matthew golden,WR
120,WR,119.5,Romeo Doubs,NE,11,romeo doubs,WR,romeo doubs,8121,100,8121,Romeo Doubs,WR,NE,8.7,0.7777777777777778,,8121,Active,,SWR,romeo doubs,WR
121,RB,120.5,Jordan Mason,MIN,6,jordan mason,RB,jordan mason,8408,100,8408,Jordan Mason,RB,MIN,8.350000000000001,0.7058823529411765,,8408,Active,,RB,jordan mason,RB
123,RB,124.0,Aaron Jones Sr.,MIN,6,aaron jones,RB,aaron jones,4199,100,4199,Aaron Jones,RB,MIN,12.25,1.0,,4199,Active,,RB,aaron jones,RB
122,WR,124.0,Jayden Higgins,HOU,8,jayden higgins,WR,jayden higgins,12484,100,12484,Jayden Higgins,WR,HOU,11.865625,R,,12484,Active,,RWR,jayden higgins,WR
124,TE,124.5,Isaiah Likely,NYG,8,isaiah likely,TE,isaiah likely,8131,100,8131,Isaiah Likely,TE,NYG,7.9,0.8947368421052632,,8131,Active,,TE,isaiah likely,TE
125,WR,124.5,Khalil Shakir,BUF,7,khalil shakir,WR,khalil shakir,8134,100,8134,Khalil Shakir,WR,BUF,11.950000000000001,0.9,,8134,Active,,SWR,khalil shakir,WR
126,TE,125.0,Jake Ferguson,DAL,14,jake ferguson,TE,jake ferguson,8110,100,8110,Jake Ferguson,TE,DAL,5.35,0.8235294117647058,,8110,Active,,TE,jake ferguson,TE
127,WR,126.5,KC Concepcion,CLE,11,kc concepcion,WR,kc concepcion,13298,100,13298,KC Concepcion,WR,CLE,8.4625,R,,13298,Active,,SWR,kc concepcion,WR
128,RB,127.5,Jacory Croskey-Merritt,WAS,7,jacory croskey-merritt,RB,jacory croskey-merritt,12533,100,12533,Jacory Croskey-Merritt,RB,WAS,1.8000000000000003,R,,12533,Active,,RB,jacory croskey-merritt,RB
129,WR,127.5,Jalen Coker,CAR,5,jalen coker,WR,jalen coker,11646,100,11646,Jalen Coker,WR,CAR,6.0,0.6470588235294118,,11646,Active,,SWR,jalen coker,WR
130,RB,129.5,Tyrone Tracy Jr.,NYG,8,tyrone tracy,RB,tyrone tracy,11655,100,11655,Tyrone Tracy,RB,NYG,8.6,1.0,,11655,Active,,RB,tyrone tracy,RB
131,TE,130.0,Mark Andrews,BAL,13,mark andrews,TE,mark andrews,5012,100,5012,Mark Andrews,TE,BAL,10.4,1.0,,5012,Active,,TE,mark andrews,TE
132,TE,130.0,Dallas Goedert,PHI,10,dallas goedert,TE,dallas goedert,5022,100,5022,Dallas Goedert,TE,PHI,10.05,0.6666666666666666,,5022,Active,,TE,dallas goedert,TE
133,QB,132.0,Malik Willis,MIA,6,malik willis,QB,malik willis,8161,100,8161,Malik Willis,QB,MIA,8.64,0.3333333333333333,,8161,Active,,QB,malik willis,QB
134,WR,135.0,Stefon Diggs,,,stefon diggs,WR,stefon diggs,2449,100,2449,Stefon Diggs,WR,,16.35,0.42105263157894735,,2449,Active,,,stefon diggs,WR
135,RB,135.0,Chris Rodriguez Jr.,JAX,7,chris rodriguez,RB,chris rodriguez,10219,100,10219,Chris Rodriguez,RB,JAX,2.85,0.3,,10219,Active,Questionable,RB,chris rodriguez,RB
136,RB,136.0,Keaton Mitchell,LAC,7,keaton mitchell,RB,keaton mitchell,9511,100,9511,Keaton Mitchell,RB,LAC,3.4000000000000004,0.10526315789473684,,9511,Active,,RB,keaton mitchell,RB
137,WR,138.0,Rashid Shaheed,SEA,11,rashid shaheed,WR,rashid shaheed,8676,100,8676,Rashid Shaheed,WR,SEA,17.0,0.35294117647058826,,8676,Active,,RWR,rashid shaheed,WR
138,QB,139.5,C.J. Stroud,HOU,8,c.j. stroud,QB,c.j. stroud,9758,100,9758,C.J. Stroud,QB,HOU,18.54,1.0,,9758,Active,,QB,c.j. stroud,QB
139,TE,141.0,Oronde Gadsden II,LAC,7,oronde gadsden,TE,oronde gadsden,12493,100,12493,Oronde Gadsden,TE,LAC,2.55,R,,12493,Active,,TE,oronde gadsden,TE
140,TE,142.0,Chig Okonkwo,WAS,7,chig okonkwo,TE,chig okonkwo,8210,100,8210,Chig Okonkwo,TE,WAS,5.15,0.9411764705882353,,8210,Active,,TE,chig okonkwo,TE
141,QB,142.0,Cam Ward,TEN,9,cam ward,QB,cam ward,12522,100,12522,Cam Ward,QB,TEN,26.033,R,,12522,Active,,QB,cam ward,QB
142,QB,142.0,Sam Darnold,SEA,11,sam darnold,QB,sam darnold,4943,100,4943,Sam Darnold,QB,SEA,25.96,1.0,,4943,Active,,QB,sam darnold,QB
143,RB,142.5,Woody Marks,HOU,8,woody marks,RB,woody marks,12474,100,12474,Woody Marks,RB,HOU,5.46875,R,,12474,Active,,RB,woody marks,RB
144,WR,143.0,Jalen McMillan,TB,10,jalen mcmillan,WR,jalen mcmillan,11618,100,11618,Jalen McMillan,WR,TB,7.65,0.7777777777777778,,11618,Active,,RWR,jalen mcmillan,WR
145,RB,146.5,Tyler Allgeier,ARI,14,tyler allgeier,RB,tyler allgeier,8132,100,8132,Tyler Allgeier,RB,ARI,5.5,1.0,,8132,Active,,RB,tyler allgeier,RB
146,QB,148.5,Daniel Jones,IND,13,daniel jones,QB,daniel jones,5870,100,5870,Daniel Jones,QB,IND,12.88,0.5882352941176471,,5870,Active,Questionable,QB,daniel jones,QB
147,TE,149.5,Juwan Johnson,NO,8,juwan johnson,TE,juwan johnson,7002,100,7002,Juwan Johnson,TE,NO,7.800000000000001,0.8823529411764706,,7002,Active,,TE,juwan johnson,TE
148,TE,149.5,Brenton Strange,JAX,7,brenton strange,TE,brenton strange,9480,100,9480,Brenton Strange,TE,JAX,4.7,0.8235294117647058,,9480,Active,,TE,brenton strange,TE
149,RB,150.0,Isiah Pacheco,DET,6,isiah pacheco,RB,isiah pacheco,8205,100,8205,Isiah Pacheco,RB,DET,5.050000000000001,0.5,,8205,Active,,RB,isiah pacheco,RB
150,RB,153.5,Dylan Sampson,CLE,11,dylan sampson,RB,dylan sampson,12469,100,12469,Dylan Sampson,RB,CLE,5.051757812500001,R,,12469,Active,,RB,dylan sampson,RB
151,WR,154.0,Tre Tucker,LV,13,tre tucker,WR,tre tucker,10213,100,10213,Tre Tucker,WR,LV,5.300000000000001,1.0,,10213,Active,,RWR,tre tucker,WR
152,WR,155.0,Jalen Nailor,LV,13,jalen nailor,WR,jalen nailor,8180,100,8180,Jalen Nailor,WR,LV,6.9,0.8888888888888888,,8180,Active,,SWR,jalen nailor,WR
153,RB,155.5,Tyjae Spears,TEN,9,tyjae spears,RB,tyjae spears,9508,100,9508,Tyjae Spears,RB,TEN,7.6499999999999995,0.7058823529411765,,9508,Active,,RB,tyjae spears,RB
154,WR,155.5,Jauan Jennings,MIN,6,jauan jennings,WR,jauan jennings,7049,100,7049,Jauan Jennings,WR,MIN,11.4,0.8823529411764706,,7049,Active,,SWR,jauan jennings,WR
155,RB,156.0,Zach Charbonnet,SEA,11,zach charbonnet,RB,zach charbonnet,9753,100,9753,Zach Charbonnet,RB,SEA,10.4,1.0,,9753,Active,Questionable,RB,zach charbonnet,RB
156,WR,158.0,Denzel Boston,CLE,11,denzel boston,WR,denzel boston,13346,100,13346,Denzel Boston,WR,CLE,8.4625,R,,13346,Active,,LWR,denzel boston,WR
157,TE,158.0,Hunter Henry,NE,11,hunter henry,TE,hunter henry,3214,100,3214,Hunter Henry,TE,NE,9.45,0.9411764705882353,,3214,Active,,TE,hunter henry,TE
158,WR,159.0,Omar Cooper Jr.,NYJ,13,omar cooper,WR,omar cooper,13276,100,13276,Omar Cooper,WR,NYJ,8.4625,R,,13276,Active,,SWR,omar cooper,WR
159,QB,159.5,Bryce Young,CAR,5,bryce young,QB,bryce young,9228,100,9228,Bryce Young,QB,CAR,15.5,0.8235294117647058,,9228,Active,,QB,bryce young,QB
160,RB,161.5,Jonah Coleman,DEN,10,jonah coleman,RB,jonah coleman,13345,100,13345,Jonah Coleman,RB,DEN,9.775,R,,13345,Active,,RB,jonah coleman,RB
161,TE,161.5,Kenyon Sadiq,NYJ,13,kenyon sadiq,TE,kenyon sadiq,13330,100,13330,Kenyon Sadiq,TE,NYJ,6.2250000000000005,R,,13330,Active,Questionable,TE,kenyon sadiq,TE
162,WR,163.0,Ryan Flournoy,DAL,14,ryan flournoy,WR,ryan flournoy,11783,100,11783,Ryan Flournoy,WR,DAL,2.3,0.4117647058823529,,11783,Active,,SWR,ryan flournoy,WR
163,WR,164.0,Tre' Harris,LAC,7,tre' harris,WR,tre' harris,12509,100,12509,Tre' Harris,WR,LAC,9.9626953125,R,,12509,Active,,RWR,tre' harris,WR
164,WR,170.0,Deebo Samuel Sr.,,,deebo samuel,WR,deebo samuel,5872,100,5872,Deebo Samuel,WR,,9.65,0.8235294117647058,,5872,Active,,,deebo samuel,WR
165,RB,171.0,Tank Bigsby,PHI,10,tank bigsby,RB,tank bigsby,9225,100,9225,Tank Bigsby,RB,PHI,7.300000000000001,0.8823529411764706,,9225,Active,,RB,tank bigsby,RB
167,TE,171.5,T.J. Hockenson,MIN,6,t.j. hockenson,TE,t.j. hockenson,5844,100,5844,T.J. Hockenson,TE,MIN,8.5,0.6111111111111112,,5844,Active,,TE,t.j. hockenson,TE
166,WR,171.5,Travis Hunter,JAX,7,travis hunter,WR,travis hunter,12530,100,12530,Travis Hunter,WR,JAX,16.7875,R,,12530,Active,Questionable,SWR,travis hunter,WR
168,WR,172.0,Isaac TeSlaa,DET,6,isaac teslaa,WR,isaac teslaa,12535,100,12535,Isaac TeSlaa,WR,DET,8.4888671875,R,,12535,Active,,LWR,isaac teslaa,WR
170,RB,173.0,Alvin Kamara,NO,8,alvin kamara,RB,alvin kamara,4035,100,4035,Alvin Kamara,RB,NO,16.45,0.8235294117647058,,4035,Active,,RB,alvin kamara,RB
169,QB,173.0,Aaron Rodgers,PIT,9,aaron rodgers,QB,aaron rodgers,96,100,96,Aaron Rodgers,QB,PIT,21.14,1.0,,96,Active,,QB,aaron rodgers,QB
171,RB,173.0,Brian Robinson Jr.,ATL,11,brian robinson,RB,brian robinson,8154,100,8154,Brian Robinson,RB,ATL,11.7,0.85,,8154,Active,,RB,brian robinson,RB
172,WR,175.5,Antonio Williams,WAS,7,antonio williams,WR,antonio williams,13301,100,13301,Antonio Williams,WR,WAS,8.4625,R,,13301,Active,,SWR,antonio williams,WR
175,QB,176.0,Fernando Mendoza,LV,13,fernando mendoza,QB,fernando mendoza,13269,100,13269,Fernando Mendoza,QB,LV,19.0,R,,13269,Active,,QB,fernando mendoza,QB
173,WR,176.0,Adonai Mitchell,NYJ,13,adonai mitchell,WR,adonai mitchell,11625,100,11625,Adonai Mitchell,WR,NYJ,2.9,1.0,,11625,Active,,LWR,adonai mitchell,WR
174,WR,176.0,Jerry Jeudy,CLE,11,jerry jeudy,WR,jerry jeudy,6783,100,6783,Jerry Jeudy,WR,CLE,12.9,1.0,,6783,Active,Questionable,RWR,jerry jeudy,WR
176,TE,176.5,Dalton Schultz,HOU,8,dalton schultz,TE,dalton schultz,5001,100,5001,Dalton Schultz,TE,HOU,5.9,1.0,,5001,Active,,TE,dalton schultz,TE
177,QB,176.5,Jacoby Brissett,ARI,14,jacoby brissett,QB,jacoby brissett,3257,100,3257,Jacoby Brissett,QB,ARI,9.38,0.4117647058823529,,3257,Active,,QB,jacoby brissett,QB
178,RB,177.5,Emmett Johnson,KC,5,emmett johnson,RB,emmett johnson,13337,100,13337,Emmett Johnson,RB,KC,9.775,R,,13337,Active,,RB,emmett johnson,RB
179,WR,178.5,Malik Washington,MIA,6,malik washington,WR,malik washington,11610,100,11610,Malik Washington,WR,MIA,3.8500000000000005,0.7058823529411765,,11610,Active,,SWR,malik washington,WR
180,QB,185.0,Geno Smith,NYJ,13,geno smith,QB,geno smith,1373,100,1373,Geno Smith,QB,NYJ,18.740000000000002,1.0,,1373,Active,,QB,geno smith,QB
181,RB,185.5,Kaytron Allen,WAS,7,kaytron allen,RB,kaytron allen,13405,100,13405,Kaytron Allen,RB,WAS,9.775,R,,13405,Active,,RB,kaytron allen,RB
182,TE,186.0,Greg Dulcich,MIA,6,greg dulcich,TE,greg dulcich,8172,100,8172,Greg Dulcich,TE,MIA,3.2,0.16666666666666666,,8172,Active,,TE,greg dulcich,TE
183,RB,187.0,Sean Tucker,TB,10,sean tucker,RB,sean tucker,9506,100,9506,Sean Tucker,RB,TB,2.7,0.6111111111111112,,9506,Active,,RB,sean tucker,RB
184,TE,189.5,AJ Barner,SEA,11,aj barner,TE,aj barner,11603,100,11603,AJ Barner,TE,SEA,4.6,0.8235294117647058,,11603,Active,Questionable,TE,aj barner,TE
185,TE,190.5,Gunnar Helm,TEN,9,gunnar helm,TE,gunnar helm,12502,100,12502,Gunnar Helm,TE,TEN,3.754795918367346,R,,12502,Active,,TE,gunnar helm,TE
186,RB,193.0,Ray Davis,BUF,7,ray davis,RB,ray davis,11575,100,11575,Ray Davis,RB,BUF,3.8000000000000003,0.95,,11575,Active,,RB,ray davis,RB
187,RB,195.0,Braelon Allen,NYJ,13,braelon allen,RB,braelon allen,11576,100,11576,Braelon Allen,RB,NYJ,3.8,1.0,,11576,Active,,RB,braelon allen,RB
188,WR,196.0,Zachariah Branch,ATL,11,zachariah branch,WR,zachariah branch,13320,100,13320,Zachariah Branch,WR,ATL,8.4625,R,,13320,Active,,SWR,zachariah branch,WR
189,WR,197.0,Calvin Ridley,TEN,9,calvin ridley,WR,calvin ridley,4981,100,4981,Calvin Ridley,WR,TEN,10.3,1.0,,4981,Active,,RWR,calvin ridley,WR
191,WR,198.0,Brandon Aiyuk,SF,8,brandon aiyuk,WR,brandon aiyuk,6803,100,6803,Brandon Aiyuk,WR,SF,6.800000000000001,0.4117647058823529,,6803,Active,DNR,,brandon aiyuk,WR
190,RB,198.0,Mike Washington Jr.,LV,13,mike washington,RB,mike washington,13305,100,13305,Mike Washington,RB,LV,9.775,R,,13305,Active,,RB,mike washington,RB
192,TE,198.5,Cade Otton,TB,10,cade otton,TE,cade otton,8111,100,8111,Cade Otton,TE,TB,8.5,0.8333333333333334,,8111,Active,,TE,cade otton,TE
193,RB,199.5,Kimani Vidal,LAC,7,kimani vidal,RB,kimani vidal,11647,100,11647,Kimani Vidal,RB,LAC,2.4000000000000004,0.5,,11647,Active,,RB,kimani vidal,RB
194,QB,201.0,Tua Tagovailoa,ATL,11,tua tagovailoa,QB,tua tagovailoa,6768,100,6768,Tua Tagovailoa,QB,ATL,22.540000000000003,0.6470588235294118,,6768,Active,,QB,tua tagovailoa,QB
195,TE,203.0,Pat Freiermuth,PIT,9,pat freiermuth,TE,pat freiermuth,7600,100,7600,Pat Freiermuth,TE,PIT,8.05,1.0,,7600,Active,,TE,pat freiermuth,TE
196,RB,204.0,Nicholas Singleton,TEN,9,nicholas singleton,RB,nicholas singleton,13288,100,13288,Nicholas Singleton,RB,TEN,9.775,R,,13288,Active,,RB,nicholas singleton,RB
197,RB,206.0,Jaydon Blue,DAL,14,jaydon blue,RB,jaydon blue,12457,100,12457,Jaydon Blue,RB,DAL,3.8000000000000003,R,,12457,Active,,RB,jaydon blue,RB
198,WR,208.5,Darnell Mooney,NYG,8,darnell mooney,WR,darnell mooney,7090,100,7090,Darnell Mooney,WR,NYG,11.400000000000002,0.9411764705882353,,7090,Active,,RWR,darnell mooney,WR
199,WR,209.0,Tank Dell,HOU,8,tank dell,WR,tank dell,9502,100,9502,Tank Dell,WR,HOU,9.350000000000001,0.7368421052631579,,9502,Active,Questionable,SWR,tank dell,WR
200,RB,209.0,MarShawn Lloyd,GB,11,marshawn lloyd,RB,marshawn lloyd,11581,100,11581,MarShawn Lloyd,RB,GB,2.8,0.05555555555555555,,11581,Active,,RB,marshawn lloyd,RB
201,WR,210.0,De'Zhaun Stribling,SF,8,de'zhaun stribling,WR,de'zhaun stribling,13417,100,13417,De'Zhaun Stribling,WR,SF,8.4625,R,,13417,Active,,LWR,de'zhaun stribling,WR
203,RB,211.0,Jordan James,SF,8,jordan james,RB,jordan james,12467,100,12467,Jordan James,RB,SF,3.8018554687500004,R,,12467,Active,,RB,jordan james,RB
204,WR,213.0,Dontayvion Wicks,PHI,10,dontayvion wicks,WR,dontayvion wicks,9486,100,9486,Dontayvion Wicks,WR,PHI,4.95,1.0,,9486,Active,,LWR,dontayvion wicks,WR
205,RB,214.0,Demond Claiborne,MIN,6,demond claiborne,RB,demond claiborne,13347,100,13347,Demond Claiborne,RB,MIN,9.775,R,,13347,Active,,RB,demond claiborne,RB
207,TE,214.5,Terrance Ferguson,LAR,11,terrance ferguson,TE,terrance ferguson,12487,100,12487,Terrance Ferguson,TE,LAR,7.9,R,,12487,Active,,TE,terrance ferguson,TE
208,WR,214.5,Christian Kirk,SF,8,christian kirk,WR,christian kirk,4950,100,4950,Christian Kirk,WR,SF,7.4,0.47058823529411764,,4950,Active,,SWR,christian kirk,WR
209,RB,215.0,Emanuel Wilson,SEA,11,emanuel wilson,RB,emanuel wilson,11435,100,11435,Emanuel Wilson,RB,SEA,3.3000000000000003,1.0,,11435,Active,,RB,emanuel wilson,RB
210,WR,217.0,Germie Bernard,PIT,9,germie bernard,WR,germie bernard,13274,100,13274,Germie Bernard,WR,PIT,8.4625,R,,13274,Active,,SWR,germie bernard,WR
211,TE,217.5,David Njoku,LAC,7,david njoku,TE,david njoku,4033,100,4033,David Njoku,TE,LAC,14.600000000000001,0.6470588235294118,,4033,Active,,TE,david njoku,TE
212,WR,217.5,Kayshon Boutte,NE,11,kayshon boutte,WR,kayshon boutte,9504,100,9504,Kayshon Boutte,WR,NE,6.800000000000001,0.8823529411764706,,9504,Active,,LWR,kayshon boutte,WR
214,WR,220.5,Troy Franklin,DEN,10,troy franklin,WR,troy franklin,11627,100,11627,Troy Franklin,WR,DEN,3.1,0.9444444444444444,,11627,Active,,SWR,troy franklin,WR
215,RB,221.0,George Holani,SEA,11,george holani,RB,george holani,12048,100,12048,George Holani,RB,SEA,0.95,0.11764705882352941,,12048,Active,,RB,george holani,RB
216,WR,221.5,Cooper Kupp,SEA,11,cooper kupp,WR,cooper kupp,4039,100,4039,Cooper Kupp,WR,SEA,13.05,0.7368421052631579,,4039,Active,,SWR,cooper kupp,WR
218,RB,222.5,Justice Hill,BAL,13,justice hill,RB,justice hill,5995,100,5995,Justice Hill,RB,BAL,7.7,0.8947368421052632,,5995,Active,,RB,justice hill,RB
219,RB,222.5,Kaelon Black,SF,8,kaelon black,RB,kaelon black,13414,100,13414,Kaelon Black,RB,SF,9.775,R,,13414,Active,,RB,kaelon black,RB
220,TE,223.0,Colby Parkinson,LAR,11,colby parkinson,TE,colby parkinson,6865,100,6865,Colby Parkinson,TE,LAR,3.7,0.8947368421052632,,6865,Active,,TE,colby parkinson,TE
221,RB,228.5,James Conner,ARI,14,james conner,RB,james conner,4137,100,4137,James Conner,RB,ARI,16.050000000000004,0.9411764705882353,,4137,Active,Questionable,RB,james conner,RB
224,RB,231.5,Jaylen Wright,MIA,6,jaylen wright,RB,jaylen wright,11643,100,11643,Jaylen Wright,RB,MIA,1.7000000000000002,0.7647058823529411,,11643,Active,,RB,jaylen wright,RB
225,QB,234.0,Michael Penix Jr.,ATL,11,michael penix,QB,michael penix,11559,100,11559,Michael Penix,QB,ATL,5.38,0.29411764705882354,,11559,Active,Questionable,QB,michael penix,QB
228,TE,235.0,Eli Stowers,PHI,10,eli stowers,TE,eli stowers,13349,100,13349,Eli Stowers,TE,PHI,6.2250000000000005,R,,13349,Active,Questionable,TE,eli stowers,TE
230,WR,236.5,Tyreek Hill,,,tyreek hill,WR,tyreek hill,3321,100,3321,Tyreek Hill,WR,,11.9,1.0,,3321,Active,Questionable,,tyreek hill,WR
231,TE,237.0,Jake Tonges,SF,8,jake tonges,TE,jake tonges,8698,100,8698,Jake Tonges,TE,SF,6.2250000000000005,R,,8698,Active,Questionable,TE,jake tonges,TE
233,QB,239.0,Kirk Cousins,LV,13,kirk cousins,QB,kirk cousins,1166,100,1166,Kirk Cousins,QB,LV,11.36,0.8235294117647058,,1166,Active,,QB,kirk cousins,QB
234,QB,240.0,Deshaun Watson,CLE,11,deshaun watson,QB,deshaun watson,4017,100,4017,Deshaun Watson,QB,CLE,16.4,0.4117647058823529,,4017,Active,,QB,deshaun watson,QB
236,QB,242.0,Shedeur Sanders,CLE,11,shedeur sanders,QB,shedeur sanders,12524,100,12524,Shedeur Sanders,QB,CLE,13.241156626506026,R,,12524,Active,,QB,shedeur sanders,QB
244,WR,248.5,Malachi Fields,NYG,8,malachi fields,WR,malachi fields,13285,100,13285,Malachi Fields,WR,NYG,8.4625,R,,13285,Active,,LWR,malachi fields,WR
276,WR,250.0,Konata Mumpfield,LAR,11,konata mumpfield,WR,konata mumpfield,12718,100,12718,Konata Mumpfield,WR,LAR,1.87734375,R,,12718,Active,,LWR,konata mumpfield,WR
279,RB,252.0,Jawhar Jordan,HOU,8,jawhar jordan,RB,jawhar jordan,11588,100,11588,Jawhar Jordan,RB,HOU,2.5,R,,11588,Active,,RB,jawhar jordan,RB
281,WR,253.0,Jalen Royals,KC,5,jalen royals,WR,jalen royals,12505,100,12505,Jalen Royals,WR,KC,5.039746093749998,R,,12505,Active,,LWR,jalen royals,WR
283,WR,254.0,KaVontae Turpin,DAL,14,kavontae turpin,WR,kavontae turpin,8917,100,8917,KaVontae Turpin,WR,DAL,4.1,0.8823529411764706,,8917,Active,,SWR,kavontae turpin,WR
255,WR,254.0,Luke McCaffrey,WAS,7,luke mccaffrey,WR,luke mccaffrey,11650,100,11650,Luke McCaffrey,WR,WAS,2.3,0.65,,11650,Active,,SWR,luke mccaffrey,WR
285,RB,255.0,Rasheen Ali,BAL,13,rasheen ali,RB,rasheen ali,11570,100,11570,Rasheen Ali,RB,BAL,0.1,0.21052631578947367,,11570,Active,,RB,rasheen ali,RB
287,QB,256.0,Gardner Minshew II,ARI,14,gardner minshew,QB,gardner minshew,6011,100,6011,Gardner Minshew,QB,ARI,15.240000000000002,0.5882352941176471,,6011,Active,,QB,gardner minshew,QB
289,WR,257.0,Ashton Dulin,IND,13,ashton dulin,WR,ashton dulin,6427,100,6427,Ashton Dulin,WR,IND,0.9,0.5294117647058824,,6427,Active,,LWR,ashton dulin,WR
291,TE,258.0,Sam Roush,CHI,10,sam roush,TE,sam roush,13322,100,13322,Sam Roush,TE,CHI,6.2250000000000005,R,,13322,Active,,TE,sam roush,TE
295,WR,261.0,Efton Chism III,NE,11,efton chism,WR,efton chism,12542,100,12542,Efton Chism,WR,NE,8.4625,R,,12542,Active,,RWR,efton chism,WR
297,QB,262.0,Riley Leonard,IND,13,riley leonard,QB,riley leonard,12470,100,12470,Riley Leonard,QB,IND,9.341542168674701,R,,12470,Active,,QB,riley leonard,QB
253,TE,262.0,Evan Engram,DEN,10,evan engram,TE,evan engram,4066,100,4066,Evan Engram,TE,DEN,10.0,0.5294117647058824,,4066,Active,,TE,evan engram,TE
299,QB,263.0,Kyle Allen,BUF,7,kyle allen,QB,kyle allen,5127,100,5127,Kyle Allen,QB,BUF,0.76,0.05555555555555555,,5127,Active,,QB,kyle allen,QB
301,QB,264.0,Kenny Pickett,CAR,5,kenny pickett,QB,kenny pickett,8160,100,8160,Kenny Pickett,QB,CAR,0.30000000000000004,0.3333333333333333,,8160,Active,,QB,kenny pickett,QB
273,WR,264.5,Kalif Raymond,CHI,10,kalif raymond,WR,kalif raymond,3634,100,3634,Kalif Raymond,WR,CHI,5.0,0.6111111111111112,,3634,Active,,SWR,kalif raymond,WR
303,QB,265.0,Sam Howell,DAL,14,sam howell,QB,sam howell,8162,100,8162,Sam Howell,QB,DAL,2.16,0.058823529411764705,,8162,Active,,QB,sam howell,QB
305,TE,266.0,Erick All Jr.,CIN,6,erick all,TE,erick all,11592,100,11592,Erick All,TE,CIN,4.800000000000001,0.47058823529411764,,11592,Active,Questionable,TE,erick all,TE
307,WR,267.0,Greg Dortch,DET,6,greg dortch,WR,greg dortch,5970,100,5970,Greg Dortch,WR,DET,3.5999999999999996,1.0,,5970,Active,,SWR,greg dortch,WR
311,RB,270.0,Damien Martinez,GB,11,damien martinez,RB,damien martinez,12462,100,12462,Damien Martinez,RB,GB,2.2,R,,12462,Active,,RB,damien martinez,RB
251,WR,270.5,Chris Bell,MIA,6,chris bell,WR,chris bell,13311,100,13311,Chris Bell,WR,MIA,8.4625,R,,13311,Active,Questionable,LWR,chris bell,WR
313,QB,271.0,Tyrod Taylor,GB,11,tyrod taylor,QB,tyrod taylor,827,100,827,Tyrod Taylor,QB,GB,13.030000000000001,0.11764705882352941,,827,Active,,QB,tyrod taylor,QB
243,WR,271.5,Jaylin Noel,HOU,8,jaylin noel,WR,jaylin noel,12536,100,12536,Jaylin Noel,WR,HOU,7.649658203125,R,,12536,Active,,SWR,jaylin noel,WR
315,RB,272.0,Jarquez Hunter,LAR,11,jarquez hunter,RB,jarquez hunter,11569,100,11569,Jarquez Hunter,RB,LAR,5.392578125,R,,11569,Active,,RB,jarquez hunter,RB
238,WR,272.5,Ted Hurst III,TB,10,ted hurst,WR,ted hurst,13317,100,13317,Ted Hurst,WR,TB,8.4625,R,,13317,Active,,LWR,ted hurst,WR
317,RB,273.0,Trevor Etienne,CAR,5,trevor etienne,RB,trevor etienne,12531,100,12531,Trevor Etienne,RB,CAR,5.500000000000001,R,,12531,Active,,RB,trevor etienne,RB
319,WR,274.0,Malik Benson,LV,13,malik benson,WR,malik benson,13329,100,13329,Malik Benson,WR,LV,8.4625,R,,13329,Active,,RWR,malik benson,WR
240,TE,275.5,Mike Gesicki,CIN,6,mike gesicki,TE,mike gesicki,4993,100,4993,Mike Gesicki,TE,CIN,6.85,0.9411764705882353,,4993,Active,,TE,mike gesicki,TE
322,WR,276.0,Cedric Tillman,CLE,11,cedric tillman,WR,cedric tillman,10444,100,10444,Cedric Tillman,WR,CLE,1.8000000000000007,0.5294117647058824,,10444,Active,,LWR,cedric tillman,WR
324,WR,277.0,Dyami Brown,WAS,7,dyami brown,WR,dyami brown,7587,100,7587,Dyami Brown,WR,WAS,3.95,0.9,,7587,Active,,LWR,dyami brown,WR
242,WR,277.5,Keon Coleman,BUF,7,keon coleman,WR,keon coleman,11637,100,11637,Keon Coleman,WR,BUF,6.7,0.8,,11637,Active,,LWR,keon coleman,WR
326,QB,278.0,Joe Milton III,DAL,14,joe milton,QB,joe milton,11557,100,11557,Joe Milton,QB,DAL,20.240000000000002,0.058823529411764705,,11557,Active,,QB,joe milton,QB
328,RB,279.0,Isaac Guerendo,SF,8,isaac guerendo,RB,isaac guerendo,11651,100,11651,Isaac Guerendo,RB,SF,2.2,0.7647058823529411,,11651,Active,Questionable,RB,isaac guerendo,RB
330,RB,280.0,Austin Ekeler,,,austin ekeler,RB,austin ekeler,4663,100,4663,Austin Ekeler,RB,,10.8,0.75,,4663,Active,,,austin ekeler,RB
332,WR,281.0,Jake Bobo,SEA,11,jake bobo,WR,jake bobo,10867,100,10867,Jake Bobo,WR,SEA,1.8,0.6470588235294118,,10867,Active,,LWR,jake bobo,WR
333,RB,282.0,Jam Miller,NE,11,jam miller,RB,jam miller,13403,100,13403,Jam Miller,RB,NE,9.775,R,,13403,Active,,RB,jam miller,RB
334,WR,283.0,Jacob Cowing,SF,8,jacob cowing,WR,jacob cowing,11616,100,11616,Jacob Cowing,WR,SF,5.7,0.17647058823529413,,11616,Active,,SWR,jacob cowing,WR
323,WR,283.5,Kevin Coleman Jr.,MIA,6,kevin coleman,WR,kevin coleman,13338,100,13338,Kevin Coleman,WR,MIA,8.4625,R,,13338,Active,,SWR,kevin coleman,WR
284,WR,283.5,Treylon Burks,WAS,7,treylon burks,WR,treylon burks,8135,100,8135,Treylon Burks,WR,WAS,1.9,0.29411764705882354,,8135,Active,,RWR,treylon burks,WR
335,WR,284.0,Odell Beckham Jr.,NYG,8,odell beckham,WR,odell beckham,2078,100,2078,Odell Beckham,WR,NYG,1.5,0.47058823529411764,,2078,Active,,LWR,odell beckham,WR
259,WR,285.0,Zavion Thomas,CHI,10,zavion thomas,WR,zavion thomas,13411,100,13411,Zavion Thomas,WR,CHI,8.4625,R,,13411,Active,,SWR,zavion thomas,WR
336,QB,285.0,Trey Lance,LAC,7,trey lance,QB,trey lance,7610,100,7610,Trey Lance,QB,LAC,0.8400000000000001,0.23529411764705882,,7610,Active,,QB,trey lance,QB
337,QB,286.0,Drew Lock,SEA,11,drew lock,QB,drew lock,5854,100,5854,Drew Lock,QB,SEA,8.82,0.4117647058823529,,5854,Active,,QB,drew lock,QB
338,QB,287.0,Quinn Ewers,MIA,6,quinn ewers,QB,quinn ewers,12500,100,12500,Quinn Ewers,QB,MIA,2.1844698795180726,R,,12500,Active,,QB,quinn ewers,QB
277,WR,287.5,Devontez Walker,BAL,13,devontez walker,WR,devontez walker,11629,100,11629,Devontez Walker,WR,BAL,4.55,0.10526315789473684,,11629,Active,,RWR,devontez walker,WR
339,QB,288.0,Spencer Rattler,NO,8,spencer rattler,QB,spencer rattler,11562,100,11562,Spencer Rattler,QB,NO,11.4,0.4117647058823529,,11562,Active,,QB,spencer rattler,QB
320,WR,288.0,Chimere Dike,TEN,9,chimere dike,WR,chimere dike,12540,100,12540,Chimere Dike,WR,TEN,6.51728515625,R,,12540,Active,,SWR,chimere dike,WR
340,QB,289.0,Tommy DeVito,NE,11,tommy devito,QB,tommy devito,11292,100,11292,Tommy DeVito,QB,NE,9.740000000000002,0.11764705882352941,,11292,Active,,QB,tommy devito,QB
256,WR,289.0,Rashod Bateman,BAL,13,rashod bateman,WR,rashod bateman,7571,100,7571,Rashod Bateman,WR,BAL,10.75,0.9473684210526315,,7571,Active,Questionable,LWR,rashod bateman,WR
341,QB,290.0,Andy Dalton,PHI,10,andy dalton,QB,andy dalton,829,100,829,Andy Dalton,QB,PHI,11.34,0.35294117647058826,,829,Active,,QB,andy dalton,QB
241,WR,291.5,Pat Bryant,DEN,10,pat bryant,WR,pat bryant,12492,100,12492,Pat Bryant,WR,DEN,8.051171875,R,,12492,Active,,SWR,pat bryant,WR
246,RB,291.5,Samaje Perine,CIN,6,samaje perine,RB,samaje perine,4147,100,4147,Samaje Perine,RB,CIN,3.6000000000000005,1.0,,4147,Active,,RB,samaje perine,RB
342,QB,292.0,Jake Browning,TB,10,jake browning,QB,jake browning,6111,100,6111,Jake Browning,QB,TB,-0.1,0.11764705882352941,,6111,Active,,QB,jake browning,QB
343,RB,293.0,Will Shipley,PHI,10,will shipley,RB,will shipley,11577,100,11577,Will Shipley,RB,PHI,2.45,0.2857142857142857,,11577,Active,,RB,will shipley,RB
288,RB,293.0,Chris Brooks,GB,11,chris brooks,RB,chris brooks,11370,100,11370,Chris Brooks,RB,GB,3.0999999999999996,0.6666666666666666,,11370,Active,,RB,chris brooks,RB
282,RB,294.0,Emari Demercado,KC,5,emari demercado,RB,emari demercado,11199,100,11199,Emari Demercado,RB,KC,2.5,0.7647058823529411,,11199,Active,,RB,emari demercado,RB
344,TE,294.0,Charlie Kolar,LAC,7,charlie kolar,TE,charlie kolar,8127,100,8127,Charlie Kolar,TE,LAC,1.9,0.3684210526315789,,8127,Active,,TE,charlie kolar,TE
345,TE,295.0,Darren Waller,,,darren waller,TE,darren waller,2505,100,2505,Darren Waller,TE,,1.9,R,,2505,Active,Questionable,,darren waller,TE
272,RB,295.0,Eli Heidenreich,PIT,9,eli heidenreich,RB,eli heidenreich,13423,100,13423,Eli Heidenreich,RB,PIT,9.775,R,,13423,Active,,RB,eli heidenreich,RB
346,TE,296.0,Luke Musgrave,GB,11,luke musgrave,TE,luke musgrave,9481,100,9481,Luke Musgrave,TE,GB,1.4,0.3888888888888889,,9481,Active,Questionable,TE,luke musgrave,TE
294,RB,296.5,Malik Davis,DAL,14,malik davis,RB,malik davis,8800,100,8800,Malik Davis,RB,DAL,9.775,R,,8800,Active,,RB,malik davis,RB
347,TE,297.0,Daniel Bellinger,TEN,9,daniel bellinger,TE,daniel bellinger,8225,100,8225,Daniel Bellinger,TE,TEN,2.7,0.4117647058823529,,8225,Active,,TE,daniel bellinger,TE
264,RB,298.0,LeQuint Allen Jr.,JAX,7,lequint allen,RB,lequint allen,12544,100,12544,LeQuint Allen,RB,JAX,2.0,R,,12544,Active,,RB,lequint allen,RB
348,WR,299.0,Savion Williams,GB,11,savion williams,WR,savion williams,12482,100,12482,Savion Williams,WR,GB,7.329931640625,R,,12482,Active,,LWR,savion williams,WR
349,WR,300.0,Xavier Hutchinson,HOU,8,xavier hutchinson,WR,xavier hutchinson,10218,100,10218,Xavier Hutchinson,WR,HOU,1.9500000000000002,0.8421052631578947,,10218,Active,,LWR,xavier hutchinson,WR
350,TE,301.0,Noah Fant,NO,8,noah fant,TE,noah fant,5857,100,5857,Noah Fant,TE,NO,5.5,0.8235294117647058,,5857,Active,,TE,noah fant,TE
325,WR,302.0,DeMario Douglas,NE,11,demario douglas,WR,demario douglas,9501,100,9501,DeMario Douglas,WR,NE,9.45,0.9411764705882353,,9501,Active,,SWR,demario douglas,WR
261,WR,302.5,Tory Horton,SEA,11,tory horton,WR,tory horton,12497,100,12497,Tory Horton,WR,SEA,3.85,R,,12497,Active,Questionable,RWR,tory horton,WR
351,RB,303.0,Joe Mixon,,,joe mixon,RB,joe mixon,4018,100,4018,Joe Mixon,RB,,16.8,0.8421052631578947,,4018,Active,Questionable,,joe mixon,RB
352,QB,304.0,Tyson Bagent,CHI,10,tyson bagent,QB,tyson bagent,11256,100,11256,Tyson Bagent,QB,CHI,-0.05000000000000002,0.23529411764705882,,11256,Active,,QB,tyson bagent,QB
275,RB,304.0,Ty Johnson,BUF,7,ty johnson,RB,ty johnson,6039,100,6039,Ty Johnson,RB,BUF,3.85,1.0,,6039,Active,,RB,ty johnson,RB
280,WR,304.5,Devaughn Vele,NO,8,devaughn vele,WR,devaughn vele,11834,100,11834,Devaughn Vele,WR,NO,7.95,0.7777777777777778,,11834,Active,,SWR,devaughn vele,WR
354,QB,306.0,Jarrett Stidham,DEN,10,jarrett stidham,QB,jarrett stidham,6136,100,6136,Jarrett Stidham,QB,DEN,0.25,0.1111111111111111,,6136,Active,,QB,jarrett stidham,QB
355,WR,307.0,Joshua Palmer,BUF,7,joshua palmer,WR,joshua palmer,7670,100,7670,Joshua Palmer,WR,BUF,6.6,0.8333333333333334,,7670,Active,,RWR,joshua palmer,WR
270,WR,307.0,Chris Brazzell II,CAR,5,chris brazzell,WR,chris brazzell,13353,100,13353,Chris Brazzell,WR,CAR,8.4625,R,,13353,Active,,RWR,chris brazzell,WR
327,WR,307.5,Bryce Lance,NO,8,bryce lance,WR,bryce lance,13420,100,13420,Bryce Lance,WR,NO,8.4625,R,,13420,Active,,LWR,bryce lance,WR
356,QB,308.0,Nick Mullens,JAX,7,nick mullens,QB,nick mullens,4464,100,4464,Nick Mullens,QB,JAX,0.28,0.2222222222222222,,4464,Active,,QB,nick mullens,QB
248,WR,308.0,Tyquan Thornton,KC,5,tyquan thornton,WR,tyquan thornton,8188,100,8188,Tyquan Thornton,WR,KC,2.0,0.23529411764705882,,8188,Active,,LWR,tyquan thornton,WR
286,TE,308.5,Mason Taylor,NYJ,13,mason taylor,TE,mason taylor,12498,100,12498,Mason Taylor,TE,NYJ,7.981122448979593,R,,12498,Active,,TE,mason taylor,TE
302,RB,309.0,Adam Randall,BAL,13,adam randall,RB,adam randall,13302,100,13302,Adam Randall,RB,BAL,9.775,R,,13302,Active,,RB,adam randall,RB
318,TE,309.0,Theo Johnson,NYG,8,theo johnson,TE,theo johnson,11597,100,11597,Theo Johnson,TE,NYG,6.7,0.5882352941176471,,11597,Active,,TE,theo johnson,TE
357,RB,309.0,Kendre Miller,NO,8,kendre miller,RB,kendre miller,9757,100,9757,Kendre Miller,RB,NO,4.85,0.35294117647058826,,9757,Active,Questionable,RB,kendre miller,RB
249,WR,309.5,Elijah Sarratt,BAL,13,elijah sarratt,WR,elijah sarratt,13268,100,13268,Elijah Sarratt,WR,BAL,8.4625,R,,13268,Active,,LWR,elijah sarratt,WR
358,TE,310.0,Ben Sinnott,WAS,7,ben sinnott,TE,ben sinnott,11596,100,11596,Ben Sinnott,TE,WAS,2.2,0.25,,11596,Active,,TE,ben sinnott,TE
293,QB,310.0,Carson Beck,ARI,14,carson beck,QB,carson beck,13272,100,13272,Carson Beck,QB,ARI,19.0,R,,13272,Active,,QB,carson beck,QB
359,TE,311.0,Zach Ertz,,,zach ertz,TE,zach ertz,1339,100,1339,Zach Ertz,TE,,10.5,1.0,,1339,Active,Questionable,,zach ertz,TE
360,QB,312.0,Teddy Bridgewater,DET,6,teddy bridgewater,QB,teddy bridgewater,2152,100,2152,Teddy Bridgewater,QB,DET,0.12,0.05555555555555555,,2152,Active,,QB,teddy bridgewater,QB
331,WR,313.5,Caleb Douglas,MIA,6,caleb douglas,WR,caleb douglas,13296,100,13296,Caleb Douglas,WR,MIA,8.4625,R,,13296,Active,Questionable,RWR,caleb douglas,WR
296,WR,313.5,Elic Ayomanor,TEN,9,elic ayomanor,WR,elic ayomanor,12499,100,12499,Elic Ayomanor,WR,TEN,5.0,R,,12499,Active,,LWR,elic ayomanor,WR
361,QB,314.0,Will Howard,PIT,9,will howard,QB,will howard,12511,100,12511,Will Howard,QB,PIT,9.693590361445786,R,,12511,Active,,QB,will howard,QB
266,TE,314.5,Darnell Washington,PIT,9,darnell washington,TE,darnell washington,9479,100,9479,Darnell Washington,TE,PIT,1.95,0.7777777777777778,,9479,Active,,TE,darnell washington,TE
363,TE,317.0,Max Klare,LAR,11,max klare,TE,max klare,13278,100,13278,Max Klare,TE,LAR,6.2250000000000005,R,,13278,Active,,TE,max klare,TE
263,RB,317.0,DJ Giddens,IND,13,dj giddens,RB,dj giddens,12471,100,12471,DJ Giddens,RB,IND,3.8000000000000003,R,,12471,Active,,RB,dj giddens,RB
274,WR,317.5,Keenan Allen,LAC,7,keenan allen,WR,keenan allen,1479,100,1479,Keenan Allen,WR,,7.6,0.8823529411764706,,1479,Active,,,keenan allen,WR
364,QB,318.0,Davis Mills,HOU,8,davis mills,QB,davis mills,7585,100,7585,Davis Mills,QB,HOU,2.18,0.21052631578947367,,7585,Active,,QB,davis mills,QB
267,TE,319.0,Michael Mayer,LV,13,michael mayer,TE,michael mayer,9482,100,9482,Michael Mayer,TE,LV,2.1,0.6470588235294118,,9482,Active,,TE,michael mayer,TE
365,TE,319.0,Justin Joly,DEN,10,justin joly,TE,justin joly,13400,100,13400,Justin Joly,TE,DEN,6.2250000000000005,R,,13400,Active,,TE,justin joly,TE
366,RB,320.0,Audric Estime,NO,8,audric estime,RB,audric estime,11579,100,11579,Audric Estime,RB,NO,2.8,0.7222222222222222,,11579,Active,,RB,audric estime,RB
367,TE,321.0,Jonnu Smith,,,jonnu smith,TE,jonnu smith,4144,100,4144,Jonnu Smith,TE,,11.6,1.0,,4144,Active,,,jonnu smith,TE
310,WR,321.0,Kendrick Bourne,ARI,14,kendrick bourne,WR,kendrick bourne,4454,100,4454,Kendrick Bourne,WR,ARI,4.0,0.7058823529411765,,4454,Active,,RWR,kendrick bourne,WR
271,TE,321.5,Ja'Tavion Sanders,CAR,5,ja'tavion sanders,TE,ja'tavion sanders,11600,100,11600,Ja'Tavion Sanders,TE,CAR,3.6,0.8823529411764706,,11600,Active,,TE,ja'tavion sanders,TE
368,WR,322.0,Nick Westbrook-Ikhine,IND,13,nick westbrook-ikhine,WR,nick westbrook-ikhine,7496,100,7496,Nick Westbrook-Ikhine,WR,IND,9.0,0.7647058823529411,,7496,Active,,RWR,nick westbrook-ikhine,WR
306,RB,322.5,Najee Harris,LAC,7,najee harris,RB,najee harris,7528,100,7528,Najee Harris,RB,,10.8,1.0,,7528,Active,Questionable,,najee harris,RB
369,RB,323.0,Phil Mafah,DAL,14,phil mafah,RB,phil mafah,12738,100,12738,Phil Mafah,RB,DAL,1.9000000000000001,R,,12738,Active,,RB,phil mafah,RB
312,RB,323.0,Ollie Gordon II,MIA,6,ollie gordon,RB,ollie gordon,12495,100,12495,Ollie Gordon,RB,MIA,2.8424804687500003,R,,12495,Active,,RB,ollie gordon,RB
370,WR,324.0,Colbie Young,CIN,6,colbie young,WR,colbie young,13477,100,13477,Colbie Young,WR,CIN,8.4625,R,,13477,Active,,LWR,colbie young,WR
371,TE,326.0,Eli Raridon,NE,11,eli raridon,TE,eli raridon,13421,100,13421,Eli Raridon,TE,NE,6.2250000000000005,R,,13421,Active,,TE,eli raridon,TE
304,WR,328.0,Andrei Iosivas,CIN,6,andrei iosivas,WR,andrei iosivas,10226,100,10226,Andrei Iosivas,WR,CIN,5.6,1.0,,10226,Active,,SWR,andrei iosivas,WR
372,RB,328.0,Kareem Hunt,,,kareem hunt,RB,kareem hunt,4098,100,4098,Kareem Hunt,RB,,11.65,0.8,,4098,Active,,,kareem hunt,RB
308,WR,328.5,Jahan Dotson,ATL,11,jahan dotson,WR,jahan dotson,8119,100,8119,Jahan Dotson,WR,ATL,2.3,0.7619047619047619,,8119,Active,,RWR,jahan dotson,WR
278,WR,329.0,Skyler Bell,BUF,7,skyler bell,WR,skyler bell,13402,100,13402,Skyler Bell,WR,BUF,8.4625,R,,13402,Active,,SWR,skyler bell,WR
290,WR,329.5,Ja'Kobi Lane,BAL,13,ja'kobi lane,WR,ja'kobi lane,13293,100,13293,Ja'Kobi Lane,WR,BAL,8.4625,R,,13293,Active,,RWR,ja'kobi lane,WR
373,WR,331.0,Brenen Thompson,LAC,7,brenen thompson,WR,brenen thompson,13380,100,13380,Brenen Thompson,WR,LAC,8.4625,R,,13380,Active,,RWR,brenen thompson,WR
329,WR,331.5,Isaiah Bond,CLE,11,isaiah bond,WR,isaiah bond,12503,100,12503,Isaiah Bond,WR,CLE,8.4625,R,,12503,Active,,SWR,isaiah bond,WR
292,QB,331.5,Justin Fields,KC,5,justin fields,QB,justin fields,7591,100,7591,Justin Fields,QB,KC,13.940000000000001,0.6111111111111112,,7591,Active,,QB,justin fields,QB
314,TE,331.5,Cole Kmet,CHI,10,cole kmet,TE,cole kmet,6826,100,6826,Cole Kmet,TE,CHI,6.550000000000001,0.8235294117647058,,6826,Active,,TE,cole kmet,TE
300,TE,331.5,Dawson Knox,BUF,7,dawson knox,TE,dawson knox,5906,100,5906,Dawson Knox,TE,BUF,3.3000000000000003,0.85,,5906,Active,,TE,dawson knox,TE
375,RB,334.0,Jerome Ford,WAS,7,jerome ford,RB,jerome ford,8143,100,8143,Jerome Ford,RB,WAS,7.800000000000001,0.8235294117647058,,8143,Active,,RB,jerome ford,RB
376,QB,336.0,Tyler Huntley,BAL,13,tyler huntley,QB,tyler huntley,7083,100,7083,Tyler Huntley,QB,BAL,12.84,0.29411764705882354,,7083,Active,,QB,tyler huntley,QB
321,WR,337.0,Jalen Tolbert,MIA,6,jalen tolbert,WR,jalen tolbert,8117,100,8117,Jalen Tolbert,WR,MIA,8.3,1.0,,8117,Active,,LWR,jalen tolbert,WR
316,WR,337.5,Darius Slayton,NYG,8,darius slayton,WR,darius slayton,6149,100,6149,Darius Slayton,WR,NYG,5.15,0.9411764705882353,,6149,Active,Questionable,RWR,darius slayton,WR
378,QB,346.0,Anthony Richardson Sr.,IND,13,anthony richardson,QB,anthony richardson,9229,100,9229,Anthony Richardson,QB,IND,14.38,0.6470588235294118,,9229,Active,,QB,anthony richardson,QB
379,WR,348.0,Calvin Austin III,NYG,8,calvin austin,WR,calvin austin,8125,100,8125,Calvin Austin,WR,NYG,4.3,1.0,,8125,Active,,SWR,calvin austin,WR
380,WR,349.0,Tutu Atwell,MIA,6,tutu atwell,WR,tutu atwell,7562,100,7562,Tutu Atwell,WR,MIA,5.95,0.8421052631578947,,7562,Active,,RWR,tutu atwell,WR
382,RB,352.0,Seth McGowan,IND,13,seth mcgowan,RB,seth mcgowan,13424,100,13424,Seth McGowan,RB,IND,9.775,R,,13424,Active,,RB,seth mcgowan,RB
383,QB,353.0,Marcus Mariota,WAS,7,marcus mariota,QB,marcus mariota,2307,100,2307,Marcus Mariota,QB,WAS,0.2,0.25,,2307,Active,,QB,marcus mariota,QB
384,QB,355.0,Jameis Winston,NYG,8,jameis winston,QB,jameis winston,2306,100,2306,Jameis Winston,QB,NYG,12.46,0.6470588235294118,,2306,Active,,QB,jameis winston,QB
385,RB,356.0,Tahj Brooks,CIN,6,tahj brooks,RB,tahj brooks,12543,100,12543,Tahj Brooks,RB,CIN,2.7,R,,12543,Active,,RB,tahj brooks,RB
386,TE,360.0,Tyler Higbee,LAR,11,tyler higbee,TE,tyler higbee,3271,100,3271,Tyler Higbee,TE,LAR,10.8,0.2631578947368421,,3271,Active,,TE,tyler higbee,TE
387,QB,363.0,Ty Simpson,LAR,11,ty simpson,QB,ty simpson,13275,100,13275,Ty Simpson,QB,LAR,19.0,R,,13275,Active,,QB,ty simpson,QB
388,RB,364.0,Trey Benson,ARI,14,trey benson,RB,trey benson,11589,100,11589,Trey Benson,RB,ARI,2.6500000000000004,0.7058823529411765,,11589,Active,Questionable,RB,trey benson,RB
390,WR,368.0,Mack Hollins,NE,11,mack hollins,WR,mack hollins,4177,100,4177,Mack Hollins,WR,NE,4.7,0.95,,4177,Active,,RWR,mack hollins,WR
391,RB,369.0,Isaiah Davis,NYJ,13,isaiah davis,RB,isaiah davis,11571,100,11571,Isaiah Davis,RB,NYJ,3.6000000000000005,0.5294117647058824,,11571,Active,,RB,isaiah davis,RB
392,WR,372.0,Jack Bech,LV,13,jack bech,WR,jack bech,12483,100,12483,Jack Bech,WR,LV,9.6171875,R,,12483,Active,,LWR,jack bech,WR
393,QB,375.0,Mac Jones,SF,8,mac jones,QB,mac jones,7527,100,7527,Mac Jones,QB,SF,10.469999999999999,0.5882352941176471,,7527,Active,Questionable,QB,mac jones,QB
394,RB,377.0,Devin Singletary,NYG,8,devin singletary,RB,devin singletary,6130,100,6130,Devin Singletary,RB,NYG,4.300000000000001,0.8823529411764706,,6130,Active,,RB,devin singletary,RB
395,QB,378.0,Joe Flacco,CIN,6,joe flacco,QB,joe flacco,19,100,19,Joe Flacco,QB,CIN,18.300000000000004,0.4117647058823529,,19,Active,,QB,joe flacco,QB
396,RB,380.0,Devin Neal,NO,8,devin neal,RB,devin neal,12476,100,12476,Devin Neal,RB,NO,2.8,R,,12476,Active,Questionable,RB,devin neal,RB
397,QB,381.0,J.J. McCarthy,MIN,6,j.j. mccarthy,QB,j.j. mccarthy,11565,100,11565,J.J. McCarthy,QB,MIN,25.859421686746987,R,,11565,Active,,QB,j.j. mccarthy,QB
398,RB,382.0,Kaleb Johnson,PIT,9,kaleb johnson,RB,kaleb johnson,12504,100,12504,Kaleb Johnson,RB,PIT,8.320605468750001,R,,12504,Active,,RB,kaleb johnson,RB
399,WR,383.0,Tez Johnson,TB,10,tez johnson,WR,tez johnson,12485,100,12485,Tez Johnson,WR,TB,1.9580566406250002,R,,12485,Active,,RWR,tez johnson,WR
400,TE,385.0,Oscar Delp,NO,8,oscar delp,TE,oscar delp,13319,100,13319,Oscar Delp,TE,NO,6.2250000000000005,R,,13319,Active,,TE,oscar delp,TE
401,WR,386.0,Olamide Zaccheaus,ATL,11,olamide zaccheaus,WR,olamide zaccheaus,6271,100,6271,Olamide Zaccheaus,WR,ATL,5.7,0.9,,6271,Active,,SWR,olamide zaccheaus,WR
402,TE,389.0,Noah Gray,KC,5,noah gray,TE,noah gray,7828,100,7828,Noah Gray,TE,KC,5.1000000000000005,0.9,,7828,Active,,TE,noah gray,TE
403,TE,394.0,Elijah Arroyo,SEA,11,elijah arroyo,TE,elijah arroyo,12521,100,12521,Elijah Arroyo,TE,SEA,7.608061224489803,R,,12521,Active,,TE,elijah arroyo,TE
404,RB,401.0,Brashard Smith,KC,5,brashard smith,RB,brashard smith,12455,100,12455,Brashard Smith,RB,KC,2.11875,R,,12455,Active,,RB,brashard smith,RB
405,WR,404.0,Kyle Williams,NE,11,kyle williams,WR,kyle williams,12547,100,12547,Kyle Williams,WR,NE,8.587744140625,R,,12547,Active,,SWR,kyle williams,WR
406,WR,406.0,Marvin Mims Jr.,DEN,10,marvin mims,WR,marvin mims,9494,100,9494,Marvin Mims,WR,DEN,3.8,0.9444444444444444,,9494,Active,,SWR,marvin mims,WR
407,WR,408.0,Xavier Legette,CAR,5,xavier legette,WR,xavier legette,11626,100,11626,Xavier Legette,WR,CAR,7.5,0.8823529411764706,,11626,Active,,RWR,xavier legette,WR
